{"_runtime":186,"train_loss":0.2801816761493683,"train_accuracy":0.9375,"_timestamp":1.7678673624618208e+09,"_step":4689,"_wandb":{"runtime":186}}